transaction_id,user_id,status,token_type,quantity
421853706,0x210b02f3e3ebacf10fa5fe5963f7145ab2ee5ea0,success,ETH,0.0115
421853697,0x644a40e4d5c9dcc8fb77bb5fe58779271ffb8126,success,ETH,0.063
421849735,0x8e018311992c202f9a5b5bbddec1a9374939fd42,success,ETH,0.0088
421848567,0x2a5a820a5751561e4def3f35a3b831fbb1e9001b,success,ETH,0.015
421836780,0xe81e91fa8724452844b43ac186803cc355fdc928,success,ETH,0.04
421834693,0x18f498a53b1cb7a0b60b631b011a3f000bc0e3c8,success,ETH,0.07221162
421831558,0xd94a2ac94b536b3ed0ef1d255ead4bf17b530161,success,ETH,0.0055
421825526,0x2e4aaaf927ae47a7162df189b6b3baa73e2417b7,success,ETH,0.076
421818656,0xf6290cf92099e31322ced77a6f979fd29df3fb70,success,ETH,0.017
421807436,0xa7ef403a9090ae671f81e41aeee08e3ef15bb78b,success,ETH,0.05
421807435,0x32cdedd5cdf98f555940643888b16557bf97898e,success,ETH,0.019
421807431,0x6c517d5d26697033e965b3099e9debc84b80431c,success,ETH,0.01227191
421800721,0x201cd98c66bcdfbc273c7046a539e516799b5ebb,success,ETH,0.015
421798953,0xdb54f6efb7ca063aefb65ae25dc16117d2114026,success,ETH,0.0325
421794347,0xebc166778a38bc7f6bc5bf457e323278ee442e09,success,ETH,0.07
421789360,0x8fb2f9defaa5a088e8ccfc01dad56a938ae499e1,success,ETH,0.038
421783754,0x7c29db3b645410413f9d59d54c9ace1da66ce3aa,success,ETH,1.0
421783697,0x9d541226b9f98d344a8b3f7a635c96a9577e6779,success,ETH,0.013
421782463,0x2f3fabdad03b27f7ec0061595df463d6136182a9,success,ETH,0.0045
421778690,0x696e65700aee02f3694e55ef53eae9b8b3889779,success,ETH,0.0103
421777246,0x92ac68a19100d61c49ef2cec3198c33ed3a81369,success,ETH,0.05
421764716,0xfb0c3824bcd897e39b0118f8375aaa5bb5066fc2,success,ETH,0.0073
421762721,0x3ce616b0b9dcc523c14ce63d10f670f736171e8a,success,ETH,0.006
421757993,0x3e3b09d3e693ed77c4c9ff0a42544d93f5e05cc0,success,ETH,0.01090224
421757992,0x10f22afa64f59d41606bf2e8bb17b406eeae28da,success,ETH,0.000785
421756019,0x10f22afa64f59d41606bf2e8bb17b406eeae28da,success,ETH,0.000116
421752269,0x9727edd3e03ecca1a4eee549e8cf3764de6f2734,success,ERC20,1602.586134
421751688,0x6826aa9237eaeeb5f83dc53fe7c0d73a2d42d1af,success,ETH,0.0059
421751684,0x3dd0cf0f92b9f4249327d32f9d0798500ddd3f56,success,ETH,0.0045
421750961,0x6377c92bf90f89720281c4ef10106787b05834af,success,ETH,0.003
421750959,0x3dd0cf0f92b9f4249327d32f9d0798500ddd3f56,success,ETH,0.00223895
421750078,0x7b22cf4377cf97dc69b3dd9eb19ef76a9b57510f,success,ETH,0.0045
421746035,0xe74a1c03f80187ec27c2e6010d7f13013d24d5e1,success,ETH,0.002
421745019,0xe74a1c03f80187ec27c2e6010d7f13013d24d5e1,success,ETH,0.0172
421741810,0x65000c5a9ffa5d9e728c59ef4ab6dcf4f0ea87ae,success,ERC20,6100.0
421741807,0x9356f93feae596dcfcab8f21f6aedff92abf7328,success,ETH,0.5
421740310,0x7bd1d3ab1a35843e443806770296d0ca2ba6a80b,success,ETH,0.00135
421739667,0xf2685a3bc28ce3c4b7e6cb23da40b77f43ae0535,success,ETH,0.14
421739666,0xf2685a3bc28ce3c4b7e6cb23da40b77f43ae0535,success,ETH,0.0028
421738719,0x7bd1d3ab1a35843e443806770296d0ca2ba6a80b,success,ETH,0.0003
421737806,0x8454a98a68fc54a30109ca6cc4e90fa31fb2473e,success,ETH,0.01
421737805,0x9356f93feae596dcfcab8f21f6aedff92abf7328,success,ETH,0.28499999
421736138,0xeeac4b29d4ff94949f5ee429e391de9d64169263,success,ERC20,2713.0
421726911,0x127b3cf7f30580a9dc2ef78a9b6ea30d1bbd6bb0,success,ETH,0.0103
421718723,0xa3d7e38a66c331fa316f00e828cf29bcd20ee6b4,success,ETH,0.0742238
421717433,0x7760e0cd9aa7c6d1f11c8089f31bc620b6f9f0f6,success,ETH,0.008528
421698480,0x5e1419a6ba7970f15907fdfb35f713ce5a926f7b,success,ETH,0.0125
421695935,0x8bdced1bfa24b002767c56a06e09a61ae1f3b1b2,success,ERC20,297.0
421694677,0xc6d84b7333ccf2db3362f5acd944da2dcc304d06,success,ERC20,9650.0
421692618,0xa5e1f0e7aa6c693251456e5d2c7ff95292205aa1,success,ETH,0.0045
421691118,0x9d416c385faf17a6f134090438b27d848fff544c,success,ERC20,3019.0000000000005
421689234,0x19d1da2923a562f281a3ddd02637866bc6bedf3f,success,ETH,0.038
421688378,0x4c9299d92398af45b2f71f02c7fc5247319109b6,success,ETH,0.017
421684492,0x2ac792c65d20100d7eb0f8174ed2dda29ab444d1,success,ETH,0.015
421680530,0x61644a87c9ab0b7677962ab8b88c937628c120df,success,ETH,0.0035
421670335,0x63b01c8632def2a0bba70361bb62931743aa6d1c,success,ETH,0.012
421663759,0x54ac37ed68e87b2a728166a0e85b7e2506a5964a,success,ERC20,196.678813
421663217,0x63c5088aff1a31bebff1e820eecfaae34304093b,success,ETH,0.0165
421662462,0x5e5d61a7c9f7bb1b8449364bcd65e0b29bdfa559,success,ETH,0.01021796
421662461,0x615df5a625add604c31de93f8bdbc9abd04db72f,success,ETH,0.004
421662141,0x93f7b0613635acd443ebe498068c016fd379db86,success,ETH,0.0014
421651078,0x9727edd3e03ecca1a4eee549e8cf3764de6f2734,success,ERC20,2925.591696
421646481,0x804745292f1d6ff3f1ac3570b6da636bdf1397fc,success,ETH,0.0071
421638951,0x7b13c58ad91290b0b488e2a4b4a2169d90150da8,success,ETH,0.048
421623414,0xa30e08b35897affd76cd3e41eaff61d62b38cc02,success,ETH,0.045
421613819,0xc29b0da36d355037f5930aa320c956f71005e6d6,success,ETH,0.000831
421606023,0x179f95036ff54bced9c6a9504ecf9f12a0670e2a,success,ERC20,160499.0
421589672,0x93ab3ff6039d3e5ca53721286fc15f2ee4f379ed,success,ETH,0.01
421584641,0x60b1a3e614e8f052cb422645e3250cc3e7795eb3,success,ETH,0.014
421581221,0x89a5e1729fbc25bf7b2f461bcc9c1543751bd9b9,success,ETH,0.0015
421581207,0xd3cf6567eeecaf13abe3f09b88e5a605973c5068,success,ETH,0.023
421579162,0x01e07e64f18a66c6ef861824a2f0581e7ab139c9,success,ETH,0.03
421578079,0xd3e7b5809f8ab80bd088de1f6df68c6c97e71fc6,success,ETH,0.000418
421575851,0x6cd8ab7063f15602bd9bb0b29058dd496dc64c68,success,ETH,0.10547714
421570026,0xd632405af3d5b7ea8d687468f4c65a3cacaac91f,success,ETH,0.0046
421568871,0xde7595c25d43157036ebaf96e362bd5da6455f9f,success,ETH,0.01275
421568273,0xd632405af3d5b7ea8d687468f4c65a3cacaac91f,success,ETH,0.0088
421566753,0x19b6b5de31abe905ec64d0197a5f674d2b3d2ece,success,ETH,0.018
421561137,0xc65ccdebf7ddcf8cf8676d61fe86bc100606873e,success,ETH,0.08
421544911,0x9d541226b9f98d344a8b3f7a635c96a9577e6779,success,ETH,0.008
421543688,0x3376ea4cea406e584f2112b3e5aa83cc81ef949f,success,ETH,0.008
421542219,0x4698f2bf9c569e9e952847a347a40dc70389dc66,success,ETH,0.006
421542210,0x2658fcc3827cd74ab424a59f99f6d43c4e8732d8,success,ERC20,10520.0
421541273,0x80a65c6f3e9873f817a27f3507aacbbe729c5d93,success,ETH,0.0542
421530174,0x43fea4567478906621e2f26566b57e859b727ba7,success,ETH,0.036
421522737,0xa740aecb10a02437d5a175cd0a0ef12d615feab0,success,ETH,0.006
421513690,0x71f0bccd0c349bd791f1fb5a85322aad0eb2ee87,success,ETH,0.01
421505821,0x896930e77cdf937b26ad5fa0f8e5957616f496e2,success,ERC20,148.6
421504212,0xc29b0da36d355037f5930aa320c956f71005e6d6,success,ETH,0.000389
421504210,0x40180f7d49f9f2471e7f5ffc0fccad407d6911ac,success,ETH,0.025
421503546,0xeeac4b29d4ff94949f5ee429e391de9d64169263,success,ETH,1.0
421502170,0xf0702b658d7200f776a609ca011437def1e761b5,success,ETH,0.06
421501325,0xde7595c25d43157036ebaf96e362bd5da6455f9f,success,ETH,0.01095
421498767,0x38d4fc024db7e7c0a7ac235b797403c4d9647c64,success,ETH,0.09059882
421497094,0x077edb38e05ac06ac500c0ffa766f860f735cc59,success,ETH,0.04
421497093,0xde7595c25d43157036ebaf96e362bd5da6455f9f,success,ETH,0.01
421495157,0x9eaaec7a02fe0d962b51a5f859ca3a346729a0ef,success,ETH,0.005
421491125,0x4e5f856a4ebd06effdf99c335050e15ff15408f3,success,ETH,0.018
421489122,0xf630e01250c623ea64b09c28692f2046d34589a3,success,ETH,0.05914081
421489118,0x127b3cf7f30580a9dc2ef78a9b6ea30d1bbd6bb0,success,ETH,0.036
421486815,0x7d964a6848829d52039822d1f50a2797c9ab12cc,success,ETH,0.2
421480601,0x7d964a6848829d52039822d1f50a2797c9ab12cc,success,ETH,0.1575
421469864,0x14533f2401bfc32b1295430b897dade448867eed,success,ETH,0.017
421465315,0x1e1ef9c1ffe68d547190ffd3e77dc8a7fe77908a,success,ETH,0.003
421459708,0x9e90c0c91dd3ad76a92b9bea14733e49d8d87e20,success,ETH,0.011
421455643,0x1e1ef9c1ffe68d547190ffd3e77dc8a7fe77908a,success,ETH,0.02
421448822,0xa81e5af7a46fc5bf8116ee70e5d0ab5e60d691cf,success,ETH,51.1
421448804,0xe7b8e6358fb63b9b461a90e498a60530207912f5,success,ETH,0.01
421440655,0x94f73b65d105d6f08d32bce4d67aec075d46ed4a,success,ETH,0.031
421408472,0x9356f93feae596dcfcab8f21f6aedff92abf7328,success,ETH,0.015
421404475,0xcb6361486ab8255068a1bcb55f7225d128ccf1e0,success,ETH,0.033
421401816,0xcb6361486ab8255068a1bcb55f7225d128ccf1e0,success,ETH,0.047
421398010,0xe7b8e6358fb63b9b461a90e498a60530207912f5,success,ETH,0.02
421396996,0xf311db523fe10440fc507dc093bd0aac44c47d2a,success,ETH,0.016
421387886,0x127b3cf7f30580a9dc2ef78a9b6ea30d1bbd6bb0,success,ETH,0.016
421355773,0xd497067716fe11367f5fbd4d32aa1f30c584cd5a,success,ERC20,32535.76
421353457,0xf8533803569e911a63be7557422c06f2c409000b,success,ETH,0.009
421351636,0x1c0b58f0e30503dadcecaa0c96414e2ca6644a2b,success,ETH,0.02
421350739,0x6cdf9c8c47578e1ea3497580167d02128948b249,success,ETH,0.0199999999
421344766,0xe8fea673cf53bc064d0cf1ac4e695f169561a368,success,ETH,0.0191736014
421344762,0x7790db2a275444b8e7ac627ef02479305eb4cb4d,success,ETH,0.0016
421342901,0x7df079d2189ca0b1d400ef28eaad8b91a2348764,success,ETH,5.0
421342489,0xae7426ecbfef2be8206547eb742a42f5ff61f8db,success,ETH,0.0178
421340965,0x9c61284a24e89c5258aa58980115afadcc37f9ca,success,ETH,0.051
421339720,0x468d2b3090302131a3038f4364ec76e1b0dfae7d,success,ETH,0.001
421337669,0xce21b8bc99b5b1f887a76bffdba8df7a2a653b1e,success,ETH,0.0111
421337187,0x744ed09e7b1178a7a91f564c95c67b7fbdece47c,success,ETH,0.0005
421334488,0xae7426ecbfef2be8206547eb742a42f5ff61f8db,success,ETH,0.0252
421330590,0xae7426ecbfef2be8206547eb742a42f5ff61f8db,success,ETH,0.02028
421330584,0x8bd2e3938b091b885511ad4dba3e6f5b031d422b,success,ETH,0.009874
421330583,0x3c982182e0e49c76d8ee9a0664c10f664717b07f,success,ETH,0.02055
421325967,0xefcae1156065690bb2fa3a9bec0ab1705d7d0b52,success,ETH,0.016
421323412,0xf81de0ad2509f0c52dfeef161adcee67072032ee,success,ERC20,122.7
421323411,0xf81de0ad2509f0c52dfeef161adcee67072032ee,success,ETH,0.017
421323410,0x8bd2e3938b091b885511ad4dba3e6f5b031d422b,success,ETH,0.0015785
421322809,0x8bd2e3938b091b885511ad4dba3e6f5b031d422b,success,ETH,0.00022222
421321836,0xaa511dc756cd4af3995ce61c9a2c1e9ab3b4ca44,success,ETH,0.019
421321835,0xc6d84b7333ccf2db3362f5acd944da2dcc304d06,success,ERC20,8030.000000000001
421319739,0x6826aa9237eaeeb5f83dc53fe7c0d73a2d42d1af,success,ETH,0.0122
421318094,0xd7d2d66baaa5dccb995e32e1b21371bc19ec75dd,success,ETH,0.02
421317136,0x6826aa9237eaeeb5f83dc53fe7c0d73a2d42d1af,success,ETH,0.0035
421312244,0x32ee39dce1cc91747a1734a3ef748524c6a45282,success,ETH,0.0025
421312223,0x485c65cb9185abab1a4efec299ef4cd2c78cfc12,success,ETH,0.0051
421310685,0x4f1b0a99088ea95390bab7fc16eab66d11bd52f7,success,ETH,0.0153
421309853,0xed544c46cba4e74e100fe9fcc2a6fb202479ba9f,success,ETH,0.007
421305511,0x99d5966c46a8dc5a2a0b103c10098b3aee97cd04,success,ETH,0.0091
421301828,0x12d1fbc20553503d37c060226ce6d8f52e5193f5,success,ETH,0.0065
421298694,0x69cd592512e6ff902316f8e35a6b4e95e28e3996,success,ETH,0.0025
421296681,0x83978338082dc91bd5987a33c09379a8f552c76d,success,ETH,0.008
421292172,0xdbdf439b1b1d97d5c682a8946c53a90dae7cfa19,success,ETH,0.055
421288699,0x2ecb070386fe1a751f8ad98021b09ddf9f6056fe,success,ETH,0.015838
421279767,0x274c5e70867b584eb1a6cac7e900b3074942e3fa,success,ETH,0.148
421278379,0x261cc031fe88d47554ad521499b6a12ca7a4c83e,success,ETH,0.0444
421277501,0xc6d84b7333ccf2db3362f5acd944da2dcc304d06,success,ERC20,6945.0
421276678,0x2ecb070386fe1a751f8ad98021b09ddf9f6056fe,success,ETH,0.35493
421275832,0x9f4a553157fdfc71f608e6931609c207776b5a55,success,ETH,0.0139
421273890,0x84a1826cdd55b83d446d8589779f55bd869f1f04,success,ETH,0.0209
421273887,0x6dc6e801e6d011ddb1ddf7f6e7bd4c0691178c3e,success,ETH,0.0041
421269067,0x744ed09e7b1178a7a91f564c95c67b7fbdece47c,success,ETH,0.011
421264264,0x3e48e9ab2f53a46f9604912b846c2d742966a36b,success,ETH,0.02
421262964,0x954aa791b1102ba523c63de37d4bae9454c6ae95,success,ETH,0.032
421255548,0x674b3b37993735b9cc24186e4d5fe3812f384344,success,ETH,0.01846
421253469,0xde7595c25d43157036ebaf96e362bd5da6455f9f,success,ETH,0.012
421251378,0x3d1316d6b2e216d9e0224985a9d21565b94c7ed0,success,ETH,0.041
421245729,0xe5441d0663ed3c1f6c7d54deaaa32c09c3ae303a,success,ETH,0.0097
421244405,0x877a61ee89776ac9cb4238a65599c0cc7dafa1d7,success,ETH,0.2
421243412,0x461db71b415e4ec11b2fd6da3faee7d4f4a7690a,success,ETH,0.2
421240588,0x671021c9b930a666cc781cf37fe627164510ffde,success,ETH,0.086
421234021,0xb388cf0da20f36a9b5baaaea92d050ba29da9e6e,success,ETH,0.01415
421233011,0x73fd5fdbe31fdb75446bce46f7374176c5f562a9,success,ETH,0.002
421232059,0x2e4aaaf927ae47a7162df189b6b3baa73e2417b7,success,ETH,0.062
421229877,0x73fd5fdbe31fdb75446bce46f7374176c5f562a9,success,ETH,0.021
421218938,0xd2632bfeffafad364e3c823fa91e817fbec15063,success,ETH,0.003
421218934,0x73fd5fdbe31fdb75446bce46f7374176c5f562a9,success,ETH,0.03
421213365,0xde7595c25d43157036ebaf96e362bd5da6455f9f,success,ETH,0.0145
421212318,0x4e5f856a4ebd06effdf99c335050e15ff15408f3,success,ERC20,1229.20810606
421210935,0x59cfb07159cd811b3fa0577f0ba08ef0d64a4d26,success,ETH,0.23
421206940,0xacb19321ea2ff674e15e97f017253413518d1ef2,success,ETH,0.014
421201836,0x127b3cf7f30580a9dc2ef78a9b6ea30d1bbd6bb0,success,ETH,0.0195
421196450,0x1f8dd194700bd78188f0977294edbaad929d5e1d,success,ERC20,390.0
421179583,0xb1f543ee753cbc88f71ebcaab735b84f1c4a480c,success,ETH,0.00042
421177318,0x430da34491456f546b340b3f51e51277234e5e3d,success,ERC20,30.2910403981
421177293,0x0d047f752088588f1238c133e2bc663db8acc6bd,success,ETH,0.008
421172815,0x8f0020288a7b86973452652cedd026416f96721f,success,ETH,0.06
421170320,0xa4d3dbc99272bc2b06d570d0af1405b83c7f2343,success,ETH,0.001
421169283,0xa4d3dbc99272bc2b06d570d0af1405b83c7f2343,success,ETH,0.01
421146236,0x56fcd668551d9f275a3ca972d271c3c4d67344b5,success,ETH,0.01
421144542,0xb1f543ee753cbc88f71ebcaab735b84f1c4a480c,success,ETH,0.0035
421142216,0xb1f543ee753cbc88f71ebcaab735b84f1c4a480c,success,ETH,0.0112
421141320,0x9bd4639b26e3fc47f612a38dae99068f94f68f21,success,ERC20,7542.6633136674
421133312,0x8a2c228f1efff2f0ef94924ea2a9181f21678547,success,ETH,0.025
421129679,0x057a0b0b1240bdb682ea65060c9d4810980f98f1,success,ETH,0.03415408
421126585,0x155f7e265499a9b4468419fdd5c08a7ccde723d3,success,ETH,0.07
421123319,0xc9c90b48f4f94062afa98e187b05d332146c1cb4,success,ETH,0.00085
421119560,0x09966a1d33a850e6363e4ca301cd03cfa249567a,success,ETH,0.0348
421105263,0x2e7f7c514c358b357bcbf69a8ee5c7db0e1c3189,success,ERC20,10402.439142000001
421101099,0xff80808caa3345369a21aaa1328f5eda69eacee1,success,ERC20,26.74
421095800,0x8142ee76421f9207d051499d6f047225fddd4b26,success,ETH,0.003078
421093895,0x771e4b276b0caf9ee28c1731f840b1936fcac120,success,ETH,0.00012
421089291,0xae7426ecbfef2be8206547eb742a42f5ff61f8db,success,ETH,0.0209
421088687,0x608e46a94897de04c693070c8a17885249e207f8,success,ETH,0.00303
421088233,0x1b5ce9eb9e18bf03e3e9035ec9323c896211b538,success,ETH,0.088
421086872,0xd7d2d66baaa5dccb995e32e1b21371bc19ec75dd,success,ETH,0.01
421086871,0xca5a6a0630316ba0d22accfa1c421eebf4b37673,success,ETH,0.035246
421086869,0x23ad1c99e593f58c6a8202432e6fc0f0a0f93e1a,success,ETH,0.0235
421086388,0x62056e0d54543b6dad0eca92060a2b44bfbc3ec0,success,ETH,0.002572
421084855,0x83a5343bf9fec7094f572329f5967942eab5bbf4,success,ETH,0.0164
421079933,0xd7d2d66baaa5dccb995e32e1b21371bc19ec75dd,success,ETH,0.00013225
421079930,0xae7426ecbfef2be8206547eb742a42f5ff61f8db,success,ETH,0.02722
421079051,0x127b3cf7f30580a9dc2ef78a9b6ea30d1bbd6bb0,success,ETH,0.02
421073522,0x94f73b65d105d6f08d32bce4d67aec075d46ed4a,success,ETH,0.0037
421067851,0xd7d2d66baaa5dccb995e32e1b21371bc19ec75dd,success,ETH,0.00618756
421066289,0xd7d2d66baaa5dccb995e32e1b21371bc19ec75dd,success,ETH,0.00774217
421055047,0xce5fb377ffe6e697e3dc6ff8cba3e9ae9d04510b,success,ETH,0.0016
421055045,0x6028ffe301db00f014979fb62646bbd12a7aed7a,success,ETH,0.0084
421051028,0xe1300dd7a44ca7c82d08329e06a7257f496ec551,success,ETH,0.0329
421043257,0x2947720033c19f8e91f3332d584bcf196d4cfa6e,success,ETH,0.0035
421040305,0x5a4461418614b94b1bb9c0b844858c3d201ae511,success,ETH,0.0031
421038575,0x3a7752355d4a9266720b92e7b8b5464a7c8a84bc,success,ETH,0.0077
421030423,0x8f388d0592cb95b2bb499bc47b46f192cb5f4086,success,ERC20,127.1054913972
421027045,0x81ea49c615b6dba6d99d31dc35cf0bee4718ac77,success,ETH,0.033
421026146,0x145040d3309cb09e30c61fe35376e310eddcd01b,success,ETH,0.006
421025339,0x1e7ea803fdd86ec32af49b4babbfae98f846c7b7,success,ETH,0.1005
421023779,0x1d54ee2b317c0ae5fcc2801c37063f0c5550848d,success,ETH,0.1
421014479,0x545ab4b544ae479acd575bf464041b089610699d,success,ETH,0.123
421010650,0xd344b1ab4ed8e2244216443b057fc717b4522793,success,ETH,0.0049813
421006935,0x3e48e9ab2f53a46f9604912b846c2d742966a36b,success,ETH,0.02
421005935,0x11d236316d0768642f5e72715559a8f5ababb921,success,ETH,0.02
421004532,0x2aa21fe41f8327bb4e5915590d0eeeced28bd4ab,success,ERC20,112.84241493
421004531,0x11d236316d0768642f5e72715559a8f5ababb921,success,ERC20,394.0
421001738,0xb9850364e2e87b3d016f4f243f63a61aab4599a0,success,ETH,0.03
421000286,0x2ecb070386fe1a751f8ad98021b09ddf9f6056fe,success,ETH,0.0019782
420996531,0xd9c89b6d8bf33981768800f0bcef4fa1a844a539,success,ETH,0.013
420995373,0x5e86b23adab78143da6e881610393c17315a9ea5,success,ETH,0.015
420987175,0x5e86b23adab78143da6e881610393c17315a9ea5,success,ETH,0.027
420981660,0xe1bf45277f8ee4d06e8e4567c88dc2347675ab06,success,ETH,0.0251992346
420980709,0x5a4461418614b94b1bb9c0b844858c3d201ae511,success,ETH,0.00085
420977844,0x098f758c9abb3bbbfc6685d320d86b3c39adf90a,success,ETH,0.032555
420976790,0x3a7752355d4a9266720b92e7b8b5464a7c8a84bc,success,ETH,0.0004
420969159,0x3a7752355d4a9266720b92e7b8b5464a7c8a84bc,success,ETH,0.007
420966836,0x81ea49c615b6dba6d99d31dc35cf0bee4718ac77,success,ETH,0.025
420962212,0x7c29db3b645410413f9d59d54c9ace1da66ce3aa,success,ETH,0.14
420961252,0x2e4aaaf927ae47a7162df189b6b3baa73e2417b7,success,ETH,0.065
420957700,0x48e602063853999d111953c8b451e223158136e6,success,ETH,0.00041
420956858,0x2947720033c19f8e91f3332d584bcf196d4cfa6e,success,ETH,0.0055
420956054,0xdc120a50c99a748300434fd6b590c8a26e486540,success,ERC20,1005.0
420946657,0x2f69fee702c2faf0bb9b8ff75729252b9285db2f,success,ETH,0.0018
420944946,0xc13c9467caf63a2721247ebfc51bf4eef1e53811,success,ERC20,18000.0
420937914,0x75794d5569366eacdc894be514276ea28ea5834a,success,ETH,0.0002
420937913,0x050b85e734fca0afe88b3e7a5af23b84fd3b70b1,success,ETH,0.05
420937501,0x75794d5569366eacdc894be514276ea28ea5834a,success,ETH,0.009
420934881,0xde7595c25d43157036ebaf96e362bd5da6455f9f,success,ETH,0.012
420932348,0x62056e0d54543b6dad0eca92060a2b44bfbc3ec0,success,ETH,0.002257
420927174,0x23ad1c99e593f58c6a8202432e6fc0f0a0f93e1a,success,ETH,0.0395
420927173,0xde7595c25d43157036ebaf96e362bd5da6455f9f,success,ETH,0.012
420926614,0x3855f889dda60492a15279f7781dbc5cb4cde744,success,ETH,0.0117712
420925834,0x1482d0ef9454c43cc713c1001c14d7696588d8ed,success,ETH,0.045
420923971,0x4e7e884c6f723df141bcb02b71885b41e0090778,success,ETH,0.014
420921650,0x75794d5569366eacdc894be514276ea28ea5834a,success,ETH,0.03
420917886,0xe40dfc10df870ec9e85bfde7c8d473d051d09710,success,ERC20,6.0
420914653,0xb7d63c577b41e3366d147416ddfbba542c63d6ff,success,ETH,0.002
420908679,0xafe5a097a1ebb8cae29e4bd0a692214a384becd1,success,ETH,0.0164
420907062,0x30eef9d6c55a264fc2b228f75dd5f76ceb3c979a,success,ETH,0.009
420907048,0x9431e575b0dbd08eeb79c6d40949177eea6f3776,success,ETH,0.0015
420897265,0x290cc1927cd3280d7cfff6ac41aa384685fe8927,success,ETH,0.016
420888078,0x9df296e4066500a5820374f6fc07817e79097eec,success,ETH,0.0163
420886700,0x748e021304d7aaaf222600687c3b2b4057332eed,success,ETH,0.0047
420886065,0x2c401a75941b591c4ef684e372d7c58906a3158c,success,ETH,0.0455
420875368,0x2411ca27d0a5aee2414112860d38e981c56b08a4,success,ETH,0.111
420874576,0x9de35f2e8b7360d63ad42f99237e3c605966dfda,success,ETH,0.008
420874004,0xf39c01f053b161d88ab239d1bd866e40f49f834f,success,ETH,0.0125
420863951,0x150f611850daadbff82a31c0afe9c3720d6fc023,success,ETH,0.02
420860123,0x88c9a2637b17a4a900dce114df5ef0daa0533032,success,ETH,0.02
420860122,0xabf58bffeebe401ff7cca44abe4c248c2fb3a309,success,ETH,0.12
420859649,0x79ebd074d0de851d5f63b6d585f3fb4516280ca1,success,ETH,0.0125
420859116,0x3a7752355d4a9266720b92e7b8b5464a7c8a84bc,success,ETH,0.004
420854946,0x4c9299d92398af45b2f71f02c7fc5247319109b6,success,ETH,0.01
420845645,0x4c0729f267e50621164b873099789b904c44c80c,success,ETH,0.0162033
420843659,0x75c4d56665aec4ec0921f121609786d717c1cac0,success,ETH,0.0050173
420838297,0x05b18c94b0cdf700deae994e14bd2b4ae0e5e0eb,success,ETH,0.002
420831414,0x62056e0d54543b6dad0eca92060a2b44bfbc3ec0,success,ETH,0.001394
420827808,0x4c9299d92398af45b2f71f02c7fc5247319109b6,success,ETH,0.0199
420826239,0x62056e0d54543b6dad0eca92060a2b44bfbc3ec0,success,ETH,0.005828
420818915,0x671021c9b930a666cc781cf37fe627164510ffde,success,ETH,0.14
420814959,0x05b18c94b0cdf700deae994e14bd2b4ae0e5e0eb,success,ETH,0.001
420813695,0xe260688fdb73b838f0fb58af7310d7a4479d43a8,success,ETH,0.0195
420805988,0x7c29db3b645410413f9d59d54c9ace1da66ce3aa,success,ETH,0.15
420803631,0x7c29db3b645410413f9d59d54c9ace1da66ce3aa,success,ETH,0.26
420801094,0x0586cf6ae04394418c87181dbc5fdd4cc340b237,success,ETH,0.1
420794946,0x1f8dd194700bd78188f0977294edbaad929d5e1d,success,ERC20,24999.999999999996
420793441,0x56ff405c842590c87fe646a38a025f818a485185,success,ETH,0.0194
420793440,0x5fe7f1999261401aeca4a2d7ae5d129773407598,success,ETH,0.00045
420792792,0x45397dba9e181146f9cd9b6af6ace5f422f3b6f7,success,ERC20,1038892.0
420783908,0xe8d2a82d1b6732949d45e896a0701bc50a0823c8,success,ERC20,49160.0
420780409,0x55d1a5ebfbc0a4d16899ad40f5e4f23fd77f50be,success,ETH,0.0035
420770967,0x9e115b7d9ca967cee4192d2f5aac2aa3a0fd544b,success,ETH,0.022
420767793,0x56ab1da5b7f0c54df486fd88944284ddbeaf5621,success,ETH,0.011
420765180,0xde7595c25d43157036ebaf96e362bd5da6455f9f,success,ETH,0.01175
420764107,0xd3994b84070a87aa81857c3402ff6afb09248b06,success,ETH,0.01
420763037,0x2ecb070386fe1a751f8ad98021b09ddf9f6056fe,success,ETH,0.01441
420751454,0x8822ce4a38d6c913736032f4a54bac5b2099da33,success,ETH,0.06
420749108,0xca20a7368faae2aad9cb2fa60289268004149b9c,success,ETH,0.1071
420749106,0x4c9299d92398af45b2f71f02c7fc5247319109b6,success,ETH,0.011
420744669,0x2ecb070386fe1a751f8ad98021b09ddf9f6056fe,success,ETH,0.01166
420741852,0xe86777a698518e53ae1114a275e3e8853b1999e4,success,ETH,0.0079
420741845,0x72843ad46b925555d0ad47b7d628d298e158199c,success,ETH,0.043
420737430,0xea5eddc409c317af26ad364369d167cd643df462,success,ETH,0.04
420733965,0xf0f55b3fd6cb0719af9ed1e150e4d30554d7c6a0,success,ETH,0.28
420730714,0x40604849e505e78800a5c7ae9ac8ac7a2f6a33d2,success,ETH,0.003
420724537,0xe38341e515be291684d800f7516bf7a44136b607,success,ETH,0.042
420723475,0x5097b3c548694f1b21d1923c63dc9b80a52aabba,success,ETH,0.0051564
420721385,0xc2164eae11c133076dc0727f9eb73dad284c3bb5,success,ETH,0.02
420720215,0xb7d63c577b41e3366d147416ddfbba542c63d6ff,success,ETH,0.004
420712546,0xcc6426f343e7c4b692f1e0b8a1195691dd2ee496,success,ETH,0.18
420710326,0x2ecb070386fe1a751f8ad98021b09ddf9f6056fe,success,ETH,0.035
420702524,0x7928e32f75b7a49b6ae483424711e4ec728a5c5d,success,ETH,0.022
420702521,0xad22a245e1dfa5870e0a1608a8a490fad3f88692,success,ETH,0.00220532
420701889,0x6d2e386d6c75eaf16852ff31e9f8837f5ebd76d7,success,ETH,0.0105741419
420699915,0xa9d03c2daf2c8287244b237d28b55091521330b5,success,ETH,0.00368
420697326,0x7928e32f75b7a49b6ae483424711e4ec728a5c5d,success,ETH,0.025
420696621,0x2ecb070386fe1a751f8ad98021b09ddf9f6056fe,success,ETH,0.11885
420693046,0x422020f66556e1ffb0a7c9629a2efd306a04c202,success,ETH,0.011
420681689,0xc6d84b7333ccf2db3362f5acd944da2dcc304d06,success,ERC20,4785.0
420679139,0xafe09b86ce9bdbd066ee30ddcb025da7a3a0ccac,success,ERC20,6141.92
420678759,0x64510571089554464c6bf566972676ec92c7b69f,success,ETH,0.054
420676314,0x74fba7e5f8a42256b755caca6685aa0c411904c8,success,ETH,0.0599724
420670819,0x8142ee76421f9207d051499d6f047225fddd4b26,success,ETH,0.002
420667485,0x99d5966c46a8dc5a2a0b103c10098b3aee97cd04,success,ETH,0.005
420664355,0xd40391a9a39169dc995ffb167b010e20c016c6ec,success,ETH,0.000112
420664354,0xd40391a9a39169dc995ffb167b010e20c016c6ec,success,ETH,0.000112
420663886,0xb7d63c577b41e3366d147416ddfbba542c63d6ff,success,ETH,0.02
420663877,0xd40391a9a39169dc995ffb167b010e20c016c6ec,success,ETH,1.7e-05
420663504,0xd40391a9a39169dc995ffb167b010e20c016c6ec,success,ETH,6.8e-05
420658284,0xd4a9ec231b5a57e7ac35b2c6c4c2a6eac2176ee4,success,ETH,0.0019
420657865,0xbfe5210134a73e76bb32278c5e4bb649b611b1a4,success,ETH,0.011
420657862,0xbfe5210134a73e76bb32278c5e4bb649b611b1a4,success,ETH,0.0021
420657857,0xd40391a9a39169dc995ffb167b010e20c016c6ec,success,ETH,6e-06
420656978,0xd40391a9a39169dc995ffb167b010e20c016c6ec,success,ETH,0.003077
420656031,0xd40391a9a39169dc995ffb167b010e20c016c6ec,success,ETH,0.003077
420654108,0x54c949c72be772d3125942c39bba96293db7de95,success,ETH,0.02626
420649820,0xa878c179d3c8252a6e6393933947c2f4cad71a14,success,ETH,0.00075
420646740,0x7059ab48c49769cb1b5428179ae23f30461827fb,success,ETH,0.004
420644172,0xa878c179d3c8252a6e6393933947c2f4cad71a14,success,ETH,0.002999
420640671,0x7fe4f89e8e09144e95b45ca1639c240530847464,success,ETH,0.0039
420629989,0x2b53177513a75f3cf58fed29c4627c0faba507fe,success,ETH,0.0069
420629987,0x3e5fca1bd5911053f508687aee3754479b237f14,success,ETH,0.02282269
420629145,0x490a8e4d67c865f1ea9ea8348c4a12d85c4b44f6,success,ETH,0.035
420625739,0x7b38eae3dec07c13f21fe4bd6be0e0309a88ba88,success,ETH,0.0118
420622337,0x8e1c4fd3aa1853e99114db0951968fdc6b434d06,success,ETH,0.082
420617724,0x8cc9ef4242b2f32a6297d09732fecbeca151a7c1,success,ETH,0.01
420609468,0xd4878305ecf169cb0929d3d5446163c231699ffc,success,ERC20,400.0
420605201,0x15fb0fea4f0ec2111c5f815a295fb569729ee15b,success,ETH,0.00419
420602439,0x6adbd7b8ebeabe5d898680265e0e7276a60147f7,success,ETH,0.09
420593834,0x47ed39b2083f13b84f77a4b88748e7009471ad58,success,ETH,0.087
420593833,0x624a7ddb82548a27e2fe08bd6a677316f130c9b7,success,ETH,0.065
420592105,0x7b13c58ad91290b0b488e2a4b4a2169d90150da8,success,ETH,0.003
420591089,0xe103ba5e07fd4e62e6c4ec46dbf0948a80e1e4ea,success,ETH,0.0063
420591085,0x9b3bb03734db9108718090514388146911ba6e24,success,ETH,0.055
420587476,0x9b3bb03734db9108718090514388146911ba6e24,success,ETH,0.004
420584818,0x9b3bb03734db9108718090514388146911ba6e24,success,ETH,0.06
420584817,0xde7595c25d43157036ebaf96e362bd5da6455f9f,success,ETH,0.01
420582511,0x526c4a1e0e5c5e6e3a2292e7207fabba70de7f99,success,ETH,0.00120453
420582509,0x9c61284a24e89c5258aa58980115afadcc37f9ca,success,ETH,0.064
420577456,0xa92879e8bff5f87e31b94d9c0215186ee8dded10,success,ETH,0.0245
420576217,0xa7f092b9ef6f5fb68120186cc4adb80dd469359d,success,ETH,0.0188
420575309,0x5df91a692c4ac4f70a7f27771c2d4da3abd46b19,success,ETH,0.004
420575306,0x526c4a1e0e5c5e6e3a2292e7207fabba70de7f99,success,ETH,0.00114877
420575302,0x94f73b65d105d6f08d32bce4d67aec075d46ed4a,success,ETH,0.017
420572909,0xffc7b8293ef600cdef1fc843866b896119825345,success,ETH,0.0126
420567179,0xf8ad53bfbfee809cc33f12029eb16fdcffa34e92,success,ERC20,498.87598
420566097,0x960764ad23aefe9643757a0f79256d77b8a6a722,success,ETH,0.017
420562639,0x77867d2bbb77934bfb40b3d331451b3810926720,success,ETH,0.0038
420562126,0x4d439a0d891460e5e7840eefd978d36d444e7484,success,ETH,0.0559
420561431,0xc92f570e27c807a60cd731f072c700bf1b906433,success,ETH,0.041
420560651,0xb17a913696a8a5fb270fbffb9471d947d8de8f25,success,ETH,7e-05
420558570,0x8c37bc604a2f5dec7d45215743ee8855251a2493,success,ETH,0.02
420557247,0xad2c1dcf02f9d9c9fcd5293010a23929f4ddba35,success,ETH,0.009
420556504,0x7c29db3b645410413f9d59d54c9ace1da66ce3aa,success,ETH,0.15
420553169,0x78fca065b42461064dda9db05479590b693a7408,success,ETH,0.04
420552556,0x615df5a625add604c31de93f8bdbc9abd04db72f,success,ETH,0.0028
420552555,0x4a837ec92bb9f29c7742a2ff10904f070f290068,success,ETH,0.15
420550627,0x72843ad46b925555d0ad47b7d628d298e158199c,success,ETH,0.026
420543523,0xa8e21cd96ca322ed50c650dc6acb3e84c74e34f4,success,ETH,0.007
420542963,0x485c65cb9185abab1a4efec299ef4cd2c78cfc12,success,ETH,0.005
420542960,0x3e3aadca23ec43937653c5b5cc8b51d91b4497cd,success,ETH,0.02
420542957,0x62146a38ef5d32602bbccdcf2ced24250ae9dfeb,success,ETH,0.02
420541188,0xde7595c25d43157036ebaf96e362bd5da6455f9f,success,ETH,0.0115
420541180,0xf2685a3bc28ce3c4b7e6cb23da40b77f43ae0535,success,ETH,0.039194854
420538814,0xde7595c25d43157036ebaf96e362bd5da6455f9f,success,ETH,0.0117
420534508,0x4f26926752ac9a0a62636e7ffae30149d358083a,success,ETH,0.0088
420529969,0x49dfdba0648ea90ca130442463e2a2f0df9fdd6e,success,ETH,0.006
420525131,0xf129475ab6aca8cb3d8ff71a6f818beebca01e25,success,ETH,0.010526044
420524428,0xf129475ab6aca8cb3d8ff71a6f818beebca01e25,success,ETH,0.00342593
420523476,0xde7595c25d43157036ebaf96e362bd5da6455f9f,success,ETH,0.0108
420520766,0x693533738a56304bb106f2ed8669de8ce26aeabf,success,ETH,0.003
420510915,0x7928e32f75b7a49b6ae483424711e4ec728a5c5d,success,ETH,0.02
420506695,0xdab257623f4a289e05ff73d484677fed8a58af7c,success,ETH,0.183
420506691,0xb8c4e351fdc817f4684e3ad163d7ba1d4401d794,success,ERC20,194.11469117000001
420496005,0x5a540abbb099ff25a2dded84d8427d0aacb0ade7,success,ERC20,575.0
420492585,0xae21bf05fe95644d84d3197916d389e2a0c9e2d0,success,ETH,0.0045
420490763,0x1c4cc7f31a81a3fbfd14b2ec6cc456fb5590e112,success,ETH,0.001
420487545,0x63c6d161bfe07bdf07eb7c5a9b11b89feea33f6f,success,ETH,0.03
420487544,0x1939f6bece01c4bc1f8eabe11ff859058bcb3fdc,success,ETH,0.008
420487540,0xde7595c25d43157036ebaf96e362bd5da6455f9f,success,ETH,0.009
420484191,0x924ca94738c05898621a226d5d9ca53f5b505509,success,ETH,0.05
420483023,0x1f580d0fed824737d5291a0dc7791c2831285f9d,success,ETH,0.01
420482046,0x1f580d0fed824737d5291a0dc7791c2831285f9d,success,ERC20,200.0
420480416,0xe38341e515be291684d800f7516bf7a44136b607,success,ETH,0.005
420479134,0xe414041a3dd34f2dacc2d20292fdd16cf28ce746,success,ETH,0.2
420472537,0x56fcd668551d9f275a3ca972d271c3c4d67344b5,success,ETH,0.017
420471492,0x8920cd66d0202614d8a2c7fe65c1c14b909f0e94,success,ETH,0.003
420466908,0xf2685a3bc28ce3c4b7e6cb23da40b77f43ae0535,success,ETH,0.256
420466907,0xf049b49b2fefbe79ad0c7968d323861c09dad115,success,ERC20,8900.0
420458673,0x6deaeb53721e7af07467b561ec79c7a6f6564406,success,ETH,0.014
420455186,0x1c4cc7f31a81a3fbfd14b2ec6cc456fb5590e112,success,ETH,0.003
420452627,0xe38341e515be291684d800f7516bf7a44136b607,success,ETH,0.005
420449647,0xfc156abd8d80a8eae545bf24b94776e8be2d04e1,success,ETH,0.019
420443045,0x96193bf35bc7267c79da8db1d4d12a7d00856f54,success,ETH,0.0018
420437511,0x274c5e70867b584eb1a6cac7e900b3074942e3fa,success,ETH,0.061
420436934,0xde8da8cf9377d47720381335811c5ba495426b14,success,ETH,0.0004125993
420435351,0x26ad1ef0adcba6050e2a2f0dd70f50a1beb28425,success,ETH,5e-05
420433217,0x55fc70c9e55c2e9fbc73c6493b91c2e2c24e1494,success,ETH,0.016
420431916,0x55fc70c9e55c2e9fbc73c6493b91c2e2c24e1494,success,ETH,0.023
420430181,0x954aa791b1102ba523c63de37d4bae9454c6ae95,success,ETH,0.02
420429177,0x55fc70c9e55c2e9fbc73c6493b91c2e2c24e1494,success,ETH,0.11
420428403,0x94f73b65d105d6f08d32bce4d67aec075d46ed4a,success,ETH,0.249
420418379,0xb68e00038f2e538fa81d0c98daa7f5704f81e18f,success,ERC20,31.0
420410265,0x54c949c72be772d3125942c39bba96293db7de95,success,ETH,0.034
420393381,0xbac51b6313b51c25d1735545de93d9b4e8d63cb0,success,ETH,0.005
420392963,0x1fce85208760ecc04f36c156caa4ca913a666c65,success,ETH,0.018
420386732,0x60f4f36b703ec9a2e2f959dfc78df2e09d32c432,success,ETH,0.005
420384349,0xa14ae149977e5331366b90435239d44e2538afd2,success,ETH,0.01159215
420383343,0x79a4a000e8126179bdd4db9e4b1c57252163e014,success,ETH,0.00045
420375642,0x40efdcd7716ca8e9683ddba7a99f9058e8e1a0a1,success,ETH,0.01511657
420369427,0x2b53177513a75f3cf58fed29c4627c0faba507fe,success,ETH,0.003034
420363854,0x22e03b8837930521084854bcf6bcda82c61fee29,success,ETH,0.035
420362696,0xc68df390f86ee7ac496ce034aeefe0b4be7e11bb,success,ETH,0.0082
420362692,0x32cdedd5cdf98f555940643888b16557bf97898e,success,ETH,0.0175856776
420358036,0x290cc1927cd3280d7cfff6ac41aa384685fe8927,success,ETH,0.065
420353759,0xfde26c36712421550b056ed65b3db8d2a55397f4,success,ETH,0.18
420350161,0xcad53864de0e28d45249705ceeecce1edc05ca88,success,ETH,0.00539
420345944,0x4f8a28791ff839ec155b6a7d76e4d65edc7c7c94,success,ETH,0.004
420345331,0x49a5f4a4dcb125b7ec8453fc10ac4a9f85f2c3f4,success,ETH,0.125
420343972,0xc2cb56ab9c3103641c01d53f2576e8ab35710157,success,ETH,0.003
420343153,0xac6ad36dfe3b4a04a6f0fbd7d0feab6208be93fb,success,ERC20,5.0
420338008,0x701fff99ac26e1d964e3fbefd62fcdc35a7163da,success,ETH,0.14
420335055,0x56fcd668551d9f275a3ca972d271c3c4d67344b5,success,ETH,0.026
420329489,0x53f791da5101f5988c2463b74bbd2b59c12ce552,success,ETH,0.000854
420326672,0x7c29db3b645410413f9d59d54c9ace1da66ce3aa,success,ETH,0.42
420320576,0x1169555b3d846db6002fc56852d76be29ed48679,success,ETH,0.1452
420307135,0x7ad2c043174caffca3b43b4772f33f00a5b35046,success,ETH,0.0098
420306237,0x5401aec8ede185a7e9f59641b5212920270e1f8f,success,ETH,0.0041
420306217,0x40180f7d49f9f2471e7f5ffc0fccad407d6911ac,success,ETH,0.025
420306212,0xe7be93242357abe73908b130326fcf3ace6e1691,success,ETH,0.04
420300977,0xd632405af3d5b7ea8d687468f4c65a3cacaac91f,success,ETH,0.0169
420299584,0xe38341e515be291684d800f7516bf7a44136b607,success,ETH,0.01
420297963,0xac6ad36dfe3b4a04a6f0fbd7d0feab6208be93fb,success,ERC20,12887.240000000002
420297184,0xe23a14d083cc050ef0ef4a047581e8138cdfedc0,success,ETH,0.1
420296516,0x8c37bc604a2f5dec7d45215743ee8855251a2493,success,ETH,0.008
420296490,0x43433b348ce84fdd2ce68d0b8e1842f2c45c0077,success,ETH,0.0065
420294011,0x53f791da5101f5988c2463b74bbd2b59c12ce552,success,ETH,0.0002
420290438,0x7df079d2189ca0b1d400ef28eaad8b91a2348764,success,ERC20,5000.0
420281165,0x44c563335242db9d32cb2f32fae399fb5d205c65,success,ETH,0.0022
420275575,0x7c29db3b645410413f9d59d54c9ace1da66ce3aa,success,ETH,0.135
420274828,0x899f171c40d8bdffc7a48a07a51c5eff58c91e9f,success,ETH,0.045
420265085,0x2ecb070386fe1a751f8ad98021b09ddf9f6056fe,success,ETH,0.055275
420264208,0x6aaf009de6b398d8eb6273fda05062d9fcdfbf6e,success,ETH,0.0626
420263126,0xde228e2d9c1b07aee87d36541379ffbc2a272d3d,success,ETH,0.015
420262305,0x6eff2f2f9f527483d2937a934b6b3b0a6b1e82be,success,ETH,0.0666
420256734,0xa5254b69f7e43b79eb5d0ccac67661f5071f291d,success,ETH,0.0055
420256733,0xaa511dc756cd4af3995ce61c9a2c1e9ab3b4ca44,success,ETH,0.035
420255656,0x59e31a790642d7dd3cd64f37d2173c510d8f1f39,success,ETH,0.01
420252756,0x44c563335242db9d32cb2f32fae399fb5d205c65,success,ETH,0.017
420252755,0x6adbd7b8ebeabe5d898680265e0e7276a60147f7,success,ETH,0.035
420251090,0xff023840ba4c2182f6b65cd10ceeea86986c231b,success,ETH,0.011
420248224,0xde8da8cf9377d47720381335811c5ba495426b14,success,ETH,0.0166251701
420241253,0xde8da8cf9377d47720381335811c5ba495426b14,success,ETH,0.0270761562
420241250,0x7df079d2189ca0b1d400ef28eaad8b91a2348764,success,ERC20,20000.0
420238071,0x337f66dfeb44c7525978c14de4102164f1177a17,success,ETH,0.001187
420237334,0x9b9976ce770e22e6bacfe1e615d2daa6164159e5,success,ETH,0.005
420231959,0xaafe6cf6f8bbc57d697c8ac59233d0a41334b1e0,success,ERC20,2888.9999999999995
420222168,0x302c0b43a9fff3d45c2c69936894fe4c7fbefb80,success,ETH,0.0138
420219908,0x4698f2bf9c569e9e952847a347a40dc70389dc66,success,ETH,0.006
420218210,0x243f7cbfdf4d371b2ef63283391db7eb9078e219,success,ETH,0.0041
420209323,0xce5fb377ffe6e697e3dc6ff8cba3e9ae9d04510b,success,ETH,0.0362
420207871,0xd9c89b6d8bf33981768800f0bcef4fa1a844a539,success,ETH,0.02
420206409,0xbf87cb7a8372b5ffaa6e89f913e91ec96c7c1f2c,success,ETH,0.013
420206406,0x7c29db3b645410413f9d59d54c9ace1da66ce3aa,success,ETH,0.386
420204794,0x701fff99ac26e1d964e3fbefd62fcdc35a7163da,success,ETH,0.08
420199618,0xf049b49b2fefbe79ad0c7968d323861c09dad115,success,ERC20,21.0
420199616,0x7b22cf4377cf97dc69b3dd9eb19ef76a9b57510f,success,ETH,0.008658
420196199,0x7b22cf4377cf97dc69b3dd9eb19ef76a9b57510f,success,ETH,0.014576
420190058,0x7acb1959a684842c2803a81c4c4e4a1c15d6f481,success,ERC20,7300.0
420185587,0x83978338082dc91bd5987a33c09379a8f552c76d,success,ETH,0.171
420184178,0x9e6e833e45021e302b2f80f5c65e344df60d11b1,success,ETH,0.02
420183942,0x274c5e70867b584eb1a6cac7e900b3074942e3fa,success,ETH,0.0038
420183941,0x274c5e70867b584eb1a6cac7e900b3074942e3fa,success,ETH,0.00434
420182659,0xa1cf48b8418d9433deb819f4642d6a02c440efda,success,ERC20,5005.0
420181535,0x006028a11d9fff45112b4983f3dad6313784eee3,success,ETH,0.0025
420155465,0xeeac4b29d4ff94949f5ee429e391de9d64169263,success,ETH,1.5
420139886,0x5e1419a6ba7970f15907fdfb35f713ce5a926f7b,success,ETH,0.01
420133807,0x5b5cae5dd65ded918dad0e57e99bfed71a4f978f,success,ETH,0.015
420101149,0xc38486b49626eb67ecb6b60537a73c914ef09691,success,ETH,0.00089
420099059,0x8b88734aa660e3003dd3eeae6e738dffbe462727,success,ETH,0.0664
420098423,0x2eeff5d50029a362e7dff65a7f1e1b2df9248c82,success,ETH,0.0043
420097884,0x66ab90202c38c1f495dc14057eb327305d0bd01d,success,ETH,0.1
420097089,0x73352def18c4497a4ed48233e9c40641b6439f37,success,ETH,0.028
420097088,0xf79ef3a99d2a005423a3d7b1993c69c03325e4e0,success,ETH,0.032
420094867,0x57b9949f133f5de2760940d577cfebf9260bb212,success,ETH,0.00264
420094326,0x6d2e386d6c75eaf16852ff31e9f8837f5ebd76d7,success,ETH,0.00506986
420093831,0x81442f4fa9218a94ec92746c5c99da98948eb26d,success,ETH,0.0006
420093285,0x40686e708c839234a00434982e7c2831df44262f,success,ETH,0.055
420092837,0x81442f4fa9218a94ec92746c5c99da98948eb26d,success,ETH,0.0693
420092833,0xab8d886136dbce0b31822d51a35f9fac584c3de1,success,ETH,0.0085
420091919,0x6adffc6121c61406cc7f78174e639e66370111ee,success,ERC20,13020.83
420091918,0x663037007ea4a1bc10230e300916823268834011,success,ERC20,1041.67
420091917,0xd909769c1fedd3d7fed0f23b38f4ea4e204ec92c,success,ERC20,468.75
420091916,0x656ce2c085a3c906694c030684d9b8ae7c6ddb5b,success,ERC20,2604.17
420091915,0x992ef01581a7ae32d3af49b82b65faef7166720a,success,ERC20,250.0
420091914,0x3e4cdfc63ff33bdebe67985aef34aec600c2fc37,success,ERC20,3124.9999999999995
420091913,0x13dfd80c726705328f3ffe4bd2d77334f540bc32,success,ERC20,1041.67
420091911,0x3f53e78ab0991422805c49ba2959623ce6955669,success,ERC20,8125.0
420091910,0xc4b201fdeafa0341044afaa59624d19526ddb73c,success,ERC20,6249.999999999999
420091909,0x87e1237074760f57b424121edca06f082700dbc2,success,ERC20,2708.33
420091908,0xe5c4e12a479ed9023088556366606f758b0de20d,success,ERC20,416.67
420091906,0x566d27dae56624289c5aaf1d5a2f85132e138427,success,ERC20,4166.67
420091905,0xf35220bc532e77f602aaa9abf801f5c43b2dfc05,success,ERC20,2083.33
420091903,0x6e0560cedd9e4da8c354ca071abb645d7dbae66a,success,ERC20,1563.0
420091902,0xeb6412cda5825d6385f651d82699805eb66ad979,success,ERC20,2083.0
420091901,0xc073a4bdab0b8639d8d14734bb62fec399993613,success,ERC20,1094.0
420091900,0x4603f697438271b3b6f38f909622dbefaec8b81c,success,ERC20,2500.0
420091899,0x2c538596e99dfe6496249d911add6c753621795e,success,ERC20,4167.0
420091897,0xcbacfd488370d9a611b3584070b98ad0c5597250,success,ERC20,4167.0
420091896,0xbcab6be954c43fd59c0710a05950836f7211c38c,success,ERC20,13889.0
420091895,0x49940acfce723a30ba750428dbe712b4dcc67a62,success,ERC20,18229.0
420091894,0x0bf8d8b076da0dcec36516da9702a96984b58193,success,ERC20,24999.999999999996
420091890,0x40686e708c839234a00434982e7c2831df44262f,success,ERC20,595.0
420090275,0x11b84912f4889fc241e786747ea743c06e7cae13,success,ETH,0.00702
420084824,0xeb5fa5ebcf41f721ebad25207b0770e090f4ab4b,success,ETH,0.005
420084180,0xe853903059dadb6a6f3205dce4576aad74534f56,success,ETH,0.00145
420080113,0x615df5a625add604c31de93f8bdbc9abd04db72f,success,ETH,0.0155
420075440,0xe853903059dadb6a6f3205dce4576aad74534f56,success,ETH,0.002
420074214,0x69cd592512e6ff902316f8e35a6b4e95e28e3996,success,ETH,0.01782081
420073333,0x4e7422656fffbe5fea4e18574d6c2254f4590462,success,ETH,0.023
420072707,0xdef1632141cdf9e6df96a3e4b4cccc363d428f36,success,ETH,0.002
420072702,0x7ed4ec4d094210b59df1e450290d08392e962115,success,ETH,0.0011
420070528,0x55dbf928fdc43df0a95e7eb8e5e6f345f82e9a31,success,ETH,0.03072762
420061037,0xaa511dc756cd4af3995ce61c9a2c1e9ab3b4ca44,success,ETH,0.0541
420058157,0xe2c71e7a5a0e0d7f26acc8bfaced81c1ed0d5964,success,ETH,0.01
